Year-Month,High_Grown_Production_(Kg),Mid_Grown_Production_(Kg),Low_Grown_Production_(Kg),National_Production_(Kg),FEE_(Million_USD)
2012-01,5361185.05,3652353.15,14348315.9,23361854.1,95.32
2012-02,5538399.31,3955745.75,13133213.0,22627358.06,100.17
2012-03,6385525.09,4625138.9,17929328.0,28939991.990000002,130.31
2012-04,7323011.0,5748401.2,16982493.5,30053905.7,110.41
2012-05,8726319.7,5898297.1,18086627.25,32711244.049999997,149.19
2012-06,5963710.45,3842289.7,16737376.0,26543376.15,96.79
2012-07,4064094.35,3429525.6,17506502.0,25000121.95,109.84
2012-08,5372381.95,4358458.0,16139942.0,25870781.95,90.81
2012-09,4906061.7,3517426.01,19011266.1,27434753.810000002,132.01
2012-10,5860294.5,4052676.95,17499597.0,27412568.45,108.78
2012-11,7434168.5,5325504.6,17875049.0,30634722.1,118.05
2012-12,6707435.15,4227311.7,16871608.5,27806355.35,127.65
2013-01,5516583.1,3454917.85,14769561.5,23741062.45,96.76
2013-02,6146601.26,3948221.15,15087812.0,25182634.41,98.5
2013-03,7802550.5,5582222.95,19361765.75,32746539.2,122.14
2013-04,8683402.7,6316905.7,18865238.0,33865546.4,102.02
2013-05,8283202.32,6074423.5,19296436.5,33654062.32,122.62
2013-06,4645218.55,4123825.9,16102139.3,24871183.75,111.27
2013-07,3289154.9,3319741.75,16027189.54,22636086.189999998,129.01
2013-08,5317181.76,4365973.95,16910903.26,26594058.970000003,135.65
2013-09,5862577.0,4007956.5,15319407.17,25189940.67,134.21
2013-10,6247353.54,4837279.91,19472377.54,30557010.99,141.12
2013-11,7534441.13,5206138.86,17993244.53,30733824.520000003,138.06
2013-12,6448543.64,4889753.8,18916239.46,30254536.9,142.92
2014-01,6385873.0,3737903.0,15392821.0,25516597.0,110.84
2014-02,5445202.0,3322063.0,13832658.0,22599923.0,110.93
2014-03,6286805.0,4093831.0,15379954.0,25760590.0,147.36
2014-04,7510259.0,4240054.0,17772459.0,29522772.0,112.46
2014-05,10004451.0,6613542.0,22625700.0,39243693.0,134.82
2014-06,8074759.0,4753911.0,18167455.0,30996125.0,146.42
2014-07,5758869.0,3885244.0,19359634.0,29003747.0,140.71
2014-08,4187078.0,2760640.0,16877253.0,23824971.0,133.54
2014-09,5613476.0,4021652.0,19451044.0,29086172.0,128.03
2014-10,6497528.0,4190602.0,17504652.0,28192782.0,128.01
2014-11,7274890.0,4492329.0,18209669.0,29976888.0,131.3
2014-12,5835008.0,3093491.0,15378825.0,24307324.0,133.48
2015-01,4853340.0,3194718.0,15252077.0,23300135.0,108.51
2015-02,6293412.0,4398983.0,14920546.0,25612941.0,103.42
2015-03,6938414.0,4788305.0,18710443.0,30437162.0,107.51
2015-04,8300502.0,5685615.0,17641071.0,31627188.0,97.98
2015-05,8216222.0,5339899.0,18875640.0,32431761.0,117.02
2015-06,7638658.0,4829657.0,17111042.0,29579357.0,116.57
2015-07,5100175.0,3827270.0,17387424.0,26314869.0,121.13
2015-08,4743767.0,3551565.0,18131177.0,26426509.0,88.12
2015-09,5857291.0,4043581.0,17312479.0,27213351.0,101.68
2015-10,6160253.0,4304333.0,16404965.0,26869551.0,114.05
2015-11,5917264.0,3736684.0,15684341.0,25338289.0,103.99
2015-12,5406987.0,3265227.0,14947739.0,23619953.0,100.23
2016-01,5525842.0,3650049.0,16043946.0,25219837.0,95.11
2016-02,5399367.0,3505810.0,14085593.0,22990770.0,94.39
2016-03,5259465.0,3553232.0,13395289.0,22207986.0,103.99
2016-04,6847524.0,4447144.0,16042604.0,27337272.0,89.19
2016-05,8320511.0,5147250.0,17355778.0,30823539.0,86.59
2016-06,5037516.0,4026205.0,16611143.0,25674864.0,116.91
2016-07,4527300.0,3283520.0,13702989.0,21513809.0,102.65
2016-08,4080530.0,3252603.0,15923187.0,23256320.0,104.47
2016-09,3971996.0,2974192.0,13005769.0,19951957.0,109.97
2016-10,3390811.0,2336707.0,12977917.0,18705435.0,103.42
2016-11,5921708.0,3885703.0,17904691.0,27712102.0,95.92
2016-12,6142174.0,4447784.0,16589737.0,27179695.0,104.12
2017-01,4627708.0,2795115.0,14263667.0,21686490.0,97.33
2017-02,3993644.0,2714105.0,11905178.0,18612927.0,109.57
2017-03,6046666.0,4497762.0,16032936.0,26577364.0,126.25
2017-04,8385882.0,5299646.0,19259103.0,32944631.0,103.65
2017-05,7660280.0,4958316.0,17098402.0,29716998.0,125.47
2017-06,5144371.0,3941501.0,18154054.0,27239926.0,133.07
2017-07,4889831.0,3735752.0,17084912.0,25710495.0,136.68
2017-08,4177946.0,3401523.0,17281482.0,24860951.0,124.11
2017-09,4822555.0,3601988.0,17311333.0,25735876.0,130.95
2017-10,4973080.0,3683394.0,17062971.0,25719445.0,130.29
2017-11,5193621.0,3568752.0,16219347.0,24981720.0,120.04
2017-12,4728015.0,3456739.0,15748232.0,23932986.0,120.44
2018-01,5177373.0,3278129.0,16087615.0,24543117.0,107.34
2018-02,5032947.0,3192765.0,12957173.0,21182885.0,112.61
2018-03,6257310.0,4089117.0,18261664.0,28608091.0,132.28
2018-04,7461180.0,4872604.0,15684552.0,28018336.0,104.34
2018-05,7404751.0,5359935.0,19770446.0,32535132.0,115.08
2018-06,4782273.0,3629481.0,14854870.0,23266624.0,123.92
2018-07,3816781.0,3587480.0,16520444.0,23924705.0,117.96
2018-08,3690803.0,3015980.0,14857009.0,21563792.0,109.85
2018-09,4063313.0,3248922.0,12075127.0,19387362.0,116.84
2018-10,7160247.0,5078431.0,17475453.0,29714131.0,109.33
2018-11,4924348.0,3836784.0,16131773.0,24892905.0,98.11
2018-12,5198619.0,3941351.0,17167184.0,26307154.0,111.47
2019-01,4862498.0,3767130.0,14722855.0,23352483.0,104.58
2019-02,4220161.0,3391721.0,14104688.0,21716570.0,104.64
2019-03,5701796.0,4441894.0,18212707.0,28356397.0,118.17
2019-04,5308112.0,3760269.0,14568095.0,23636476.0,94.33
2019-05,8090527.0,5764378.0,20396821.0,34251726.0,119.28
2019-06,6343167.0,4560392.0,16627289.0,27530848.0,106.75
2019-07,5379462.0,3983081.0,16610767.0,25973310.0,105.37
2019-08,4871773.0,3887641.0,17442073.0,26201487.0,113.0
2019-09,3879344.0,3268112.0,14770567.0,21918023.0,104.8
2019-10,3568579.0,3349151.0,14345677.0,21263407.0,108.36
2019-11,6550656.0,4160108.0,13315362.0,24026126.0,96.16
2019-12,4270633.0,2838194.0,14784992.0,21893819.0,100.65
2020-01,5085171.0,3519689.0,13338052.0,21942912.0,94.19
2020-02,4548531.0,3388080.0,10276682.0,18213293.0,101.6
2020-03,3442723.0,2688075.0,7395238.0,13526036.0,58.82
2020-04,4180458.0,3078744.0,13563444.0,20822646.0,75.7
2020-05,6788532.0,5971322.0,15843192.0,28603046.0,104.04
2020-06,7358261.0,4486521.0,15512288.0,27357070.0,109.43
2020-07,5869909.0,4276074.0,16333720.0,26479703.0,123.56
2020-08,4138376.0,3416123.0,14901637.0,22456136.0,98.33
2020-09,4219565.0,3471742.0,14345821.0,22037128.0,108.9
2020-10,4570641.0,3580748.0,15693400.0,23844789.0,106.54
2020-11,5502338.0,4129846.0,15279668.0,24911852.0,90.21
2020-12,6537989.0,4725292.0,17393872.0,28657153.0,108.46
2021-01,4826484.0,3305149.0,14913562.0,23045195.0,94.93
2021-02,4590738.0,3588384.0,14200275.0,22379397.0,106.42
2021-03,6474028.0,5006587.0,16930374.0,28410989.0,117.45
2021-04,6850518.0,5497243.0,17239746.0,29587507.0,74.57
2021-05,7176417.0,5910791.0,17288611.0,30375819.0,103.08
2021-06,5908146.0,4472658.0,15556888.0,25937692.0,117.39
2021-07,5798600.0,4783750.0,15582615.0,26164965.0,108.87
2021-08,4993739.0,3830891.0,14875463.0,23700093.0,109.99
2021-09,4105984.0,3671696.0,14786344.0,22564024.0,98.42
2021-10,4774736.0,4016782.0,15205413.0,23996931.0,104.33
2021-11,4127663.0,3228016.0,12647820.0,20003499.0,111.75
2021-12,4510771.0,3201506.0,12705216.0,20417493.0,104.72
2022-01,5450228.0,3891205.0,13475781.0,22817214.0,86.45
2022-02,4336674.0,2816892.0,11009892.0,18163458.0,96.89
2022-03,5033743.0,3473041.0,13509104.0,22015888.0,89.16
2022-04,5701102.0,4155560.0,13052927.0,22909589.0,74.83
2022-05,6396596.0,4797854.0,14844841.0,26039291.0,88.31
2022-06,4055137.0,2966624.0,13127004.0,20148765.0,109.43
2022-07,4087998.0,2895363.0,12877521.0,19860882.0,111.01
2022-08,3392650.0,2463725.0,12420516.0,18276891.0,116.57
2022-09,4733873.0,3521068.0,12708395.0,20963336.0,111.41
2022-10,3955169.0,3059949.0,11736446.0,18751564.0,102.58
2022-11,4345969.0,3093063.0,12805882.0,20244914.0,99.2
2022-12,4318277.0,2908277.0,12274848.0,19501402.0,100.85
2023-01,3602233.0,2465070.0,13070219.0,19137522.0,93.04
2023-02,4287367.0,3069724.0,11358162.0,18715253.0,97.67
2023-03,4662823.0,3571941.0,13101506.0,21336270.0,104.77
2023-04,6154178.0,4472486.0,14102060.0,24728724.0,86.99
2023-05,7008245.0,4816364.0,14699890.0,26524499.0,107.96
2023-06,5608026.0,4075834.0,13313470.0,22997330.0,105.63
2023-07,4359540.0,3336171.0,13679428.0,21375139.0,107.88
2023-08,4175773.0,2985110.0,11091047.0,18251930.0,111.73
2023-09,4272729.0,3038078.0,11412703.0,18723510.0,112.11
2023-10,4122476.0,3914332.0,14815431.0,22852239.0,90.05
2023-11,4528496.0,3398725.0,11658966.0,19586187.0,105.18
2023-12,4585022.0,2965383.0,12258592.0,19808997.0,104.19
